URL,Version,Status,OIDs,Name,Title,Description,Used
http://hapi.moh.gov.zm/fhir/CodeSystem/facility-ownership,0.1.0,active,,ZMCoreFacilityOwnershipCS,Zambia Master Facility List Facility Ownership,"Facility ownership or controlling sector represented in the Zambia Master Facility List.","ValueSet/facility-ownership"
http://hapi.moh.gov.zm/fhir/CodeSystem/facility-registry-status,0.1.0,active,,ZMCoreFacilityRegistryStatusCS,Zambia Master Facility List Registry Status,"Combined operational, licensing, registration, and record-quality states represented by the current Zambia Master Facility List operation-status field.","ValueSet/facility-registry-status"
http://hapi.moh.gov.zm/fhir/CodeSystem/facility-type,0.1.0,active,,ZMCoreFacilityTypeCS,Zambia Master Facility List Facility Type,"Facility types represented in the Zambia Master Facility List. Police, military, private, and NGO values are retained for source compatibility but overlap with facility ownership and should not be used when a more specific service level is known.","ValueSet/facility-type"
http://hapi.moh.gov.zm/fhir/CodeSystem/medication-level-of-access,0.1.0,draft,,ZMLevelOfAccessCS,Zambia Level of Access for Medicines,"Levels of care at which a medicine is allowed to be used, based on the ZAMMSA catalogue.","ValueSet/medication-level-of-access"
http://hapi.moh.gov.zm/fhir/CodeSystem/medication-zammsa-sku,0.1.0,draft,,ZAMMSAMedicationCS,ZAMMSA Medication SKU Code System,"CodeSystem representing the ZAMMSA national medicines catalogue SKUs.","ValueSet/medication-zammsa-sku"
http://hapi.moh.gov.zm/fhir/CodeSystem/product-group,0.1.0,draft,,ZMProductGroupCS,Zambia eLMIS Product Group,"Short product group codes from the eLMIS Master list (e.g. ess, medsurge, equip...).","ValueSet/product-group"
http://hapi.moh.gov.zm/fhir/CodeSystem/product-type,0.1.0,draft,,ZMProductTypeCS,Zambia Product Type (eLMIS),"Product types from the eLMIS Master Product List.","ValueSet/product-type"
http://hapi.moh.gov.zm/fhir/CodeSystem/zm-communication-channel,0.1.0,draft,,ZMCommunicationChannelCS,Zambia Communication Channel,"Delivery channels supported by the Zambia Unified Health Communication Hub.","ValueSet/zm-communication-channel-vs"
http://hapi.moh.gov.zm/fhir/CodeSystem/zm-communication-consent-action,0.1.0,draft,,ZMCommunicationConsentActionCS,Zambia Communication Consent Action,"Consent actions governing contact by the Unified Health Communication Hub.","ValueSet/zm-communication-consent-action-vs"
http://hapi.moh.gov.zm/fhir/CodeSystem/zm-communication-data-classification,0.1.0,draft,,ZMCommunicationDataClassificationCS,Zambia Communication Data Classification,"Data classifications that drive disclosure and channel controls for health communications.","ValueSet/zm-communication-data-classification-vs"
http://hapi.moh.gov.zm/fhir/CodeSystem/zm-communication-lane,0.1.0,draft,,ZMCommunicationLaneCS,Zambia Communication Lane,"Governance lanes used to separate communication purposes, access rules, and disclosure controls in the Zambia Unified Health Communication Hub.","ValueSet/zm-communication-lane-vs"
http://hapi.moh.gov.zm/fhir/CodeSystem/zm-communication-task-code,0.1.0,draft,,ZMCommunicationTaskCodeCS,Zambia Communication Task Code,"Actions used to capture acknowledgement and escalation in communication workflows.","ValueSet/zm-communication-task-code-vs"
http://hl7.org/fhir/CodeSystem/medication-dose-aid,5.0.0,active,"2.16.840.1.113883.4.642.4.2075",MedicationDoseAid,Medication dose aid,"Medication dose aid","ValueSet/medication-dose-aid"
http://hl7.org/fhir/CodeSystem/medication-ingredientstrength,5.0.0,active,"2.16.840.1.113883.4.642.4.2062",MedicationIngredientStrengthCodes,Medication Ingredient Strength Codes,"Medication Ingredient Strength Codes","ValueSet/medication-ingredientstrength"
http://hl7.org/fhir/CodeSystem/medication-intended-performer-role,5.0.0,active,"2.16.840.1.113883.4.642.4.2074",MedicationIntendedPerformerRole,Medication Intended Performer Role,"Medication Intended Performer Role","ValueSet/medication-intended-performer-role"
http://hl7.org/fhir/CodeSystem/medication-status,5.0.0,active,"2.16.840.1.113883.4.642.4.1380",MedicationStatusCodes,Medication Status Codes,"Medication Status Codes","ValueSet/medication-status"
http://hl7.org/fhir/CodeSystem/medicationdispense-status,5.0.0,active,"2.16.840.1.113883.4.642.4.1971",MedicationDispenseStatusCodes,Medication Dispense Status Codes,"Medication Dispense Status Codes","ValueSet/medicationdispense-status"
http://hl7.org/fhir/CodeSystem/medicationdispense-status-reason,5.0.0,active,"2.16.840.1.113883.4.642.4.1973",MedicationDispenseStatusReasonCodes,Medication Dispense Status Reason Codes,"Medication Dispense Status Reason Codes","ValueSet/medicationdispense-status-reason"
http://hl7.org/fhir/CodeSystem/medicationrequest-intent,5.0.0,active,"2.16.840.1.113883.4.642.4.1378",MedicationRequestIntentCodes,MedicationRequest Intent Codes,"MedicationRequest Intent Codes","ValueSet/medicationrequest-intent"
http://hl7.org/fhir/CodeSystem/medicationrequest-status,5.0.0,active,"2.16.840.1.113883.4.642.4.1377",MedicationRequestStatusCodes,MedicationRequest Status Codes,"MedicationRequest Status Codes","ValueSet/medicationrequest-status"
http://hl7.org/fhir/administrative-gender,5.0.0,active,"2.16.840.1.113883.4.642.4.2",AdministrativeGender,AdministrativeGender,"The gender of a person used for administrative purposes.","ValueSet/administrative-gender,ValueSet/zm-core-patient-gender-vs"
http://hl7.org/fhir/adverse-event-actuality,5.0.0,active,"2.16.840.1.113883.4.642.4.832",AdverseEventActuality,Adverse Event Actuality,"Overall nature of the adverse event, e.g. real or potential.","ValueSet/adverse-event-actuality"
http://hl7.org/fhir/allergy-intolerance-category,5.0.0,active,"2.16.840.1.113883.4.642.2.53,2.16.840.1.113883.4.642.4.134,2.16.840.1.113883.4.642.1.124",AllergyIntoleranceCategory,Allergy Intolerance Category,"Category of an identified substance associated with allergies or intolerances.","ValueSet/allergy-intolerance-category"
http://hl7.org/fhir/allergy-intolerance-criticality,5.0.0,active,"2.16.840.1.113883.4.642.1.120,2.16.840.1.113883.4.642.4.130,2.16.840.1.113883.4.642.2.51",AllergyIntoleranceCriticality,Allergy Intolerance Criticality,"Estimate of the potential clinical harm, or seriousness, of a reaction to an identified substance.","ValueSet/allergy-intolerance-criticality"
http://hl7.org/fhir/allergy-intolerance-type,5.0.0,active,"2.16.840.1.113883.4.642.4.132,2.16.840.1.113883.4.642.1.122,2.16.840.1.113883.4.642.2.52",AllergyIntoleranceType,Allergy Intolerance Type,"Identification of the underlying physiological mechanism for a Reaction Risk.","ValueSet/allergy-intolerance-type"
http://hl7.org/fhir/appointmentstatus,5.0.0,active,"2.16.840.1.113883.4.642.4.485,2.16.840.1.113883.4.642.1.478,2.16.840.1.113883.4.642.2.284",AppointmentStatus,Appointment Status,"The free/busy status of an appointment.","ValueSet/appointmentstatus"
http://hl7.org/fhir/audit-event-action,5.0.0,active,"2.16.840.1.113883.4.642.4.453,2.16.840.1.113883.4.642.1.446,2.16.840.1.113883.4.642.2.263",AuditEventAction,Audit Event Action,"Indicator for type of action performed during the event that generated the event.","ValueSet/audit-event-action"
http://hl7.org/fhir/audit-event-severity,5.0.0,active,"2.16.840.1.113883.4.642.4.1894",AuditEventSeverity,Audit Event Severity,"The severity of the audit entry.","ValueSet/audit-event-severity"
http://hl7.org/fhir/consent-data-meaning,5.0.0,active,"2.16.840.1.113883.4.642.4.760,2.16.840.1.113883.4.642.1.744",ConsentDataMeaning,Consent Data Meaning,"How a resource reference is interpreted when testing consent restrictions.","ValueSet/consent-data-meaning"
http://hl7.org/fhir/consent-provision-type,5.0.0,active,"2.16.840.1.113883.4.642.4.758",ConsentProvisionType,Consent Provision Type,"How a rule statement is applied, such as adding additional consent or removing consent.","ValueSet/consent-provision-type"
http://hl7.org/fhir/consent-state-codes,5.0.0,active,"2.16.840.1.113883.4.642.1.740,2.16.840.1.113883.4.642.4.756",ConsentState,Consent State,"Indicates the state of the consent.","ValueSet/consent-state-codes"
http://hl7.org/fhir/days-of-week,5.0.0,active,"2.16.840.1.113883.4.642.4.513,2.16.840.1.113883.4.642.2.302,2.16.840.1.113883.4.642.1.507",DaysOfWeek,Days Of Week,"The days of the week.","ValueSet/days-of-week"
http://hl7.org/fhir/diagnostic-report-status,5.0.0,active,"2.16.840.1.113883.4.642.2.118,2.16.840.1.113883.4.642.4.236,2.16.840.1.113883.4.642.1.231",DiagnosticReportStatus,Diagnostic Report Status,"The status of the diagnostic report.","ValueSet/diagnostic-report-status"
http://hl7.org/fhir/encounter-diagnosis-use,5.0.0,active,"2.16.840.1.113883.4.642.4.2115",EncounterDiagnosisUse,Encounter Diagnosis Use,"Encounter Condition Use","ValueSet/encounter-diagnosis-use"
http://hl7.org/fhir/encounter-location-status,5.0.0,active,"2.16.840.1.113883.4.642.1.258,2.16.840.1.113883.4.642.2.147,2.16.840.1.113883.4.642.4.263",EncounterLocationStatus,Encounter Location Status,"The status of the location.","ValueSet/encounter-location-status"
http://hl7.org/fhir/encounter-reason-use,5.0.0,active,"2.16.840.1.113883.4.642.4.2114",EncounterReasonUse,Encounter Reason Use,"Encounter Reason Use","ValueSet/encounter-reason-use"
http://hl7.org/fhir/encounter-status,5.0.0,active,"2.16.840.1.113883.4.642.4.247,2.16.840.1.113883.4.642.1.242",EncounterStatus,Encounter Status,"Current state of the encounter.","ValueSet/encounter-status"
http://hl7.org/fhir/event-status,5.0.0,draft,"2.16.840.1.113883.4.642.4.110",EventStatus,EventStatus,"Codes identifying the lifecycle stage of an event.","ValueSet/immunization-status,ValueSet/event-status,ValueSet/adverse-event-status"
http://hl7.org/fhir/fhir-types,5.0.0,active,"2.16.840.1.113883.4.642.4.1802",FHIRTypes,All FHIR Types,"One of the types defined as part of this version of FHIR.","ValueSet/subscription-types,ValueSet/all-resource-types,ValueSet/resource-types"
http://hl7.org/fhir/group-membership-basis,5.0.0,active,"2.16.840.1.113883.4.642.4.1962",GroupMembershipBasis,Group Membership Basis,"Basis for membership in a group","ValueSet/group-membership-basis"
http://hl7.org/fhir/group-type,5.0.0,active,"2.16.840.1.113883.4.642.2.156,2.16.840.1.113883.4.642.1.278,2.16.840.1.113883.4.642.4.285",GroupType,Group Type,"Types of resources that are part of group.","ValueSet/group-type"
http://hl7.org/fhir/identifier-use,5.0.0,active,"2.16.840.1.113883.4.642.1.58",IdentifierUse,IdentifierUse,"Identifies the purpose for this identifier, if known .","ValueSet/identifier-use"
http://hl7.org/fhir/issue-severity,5.0.0,active,"2.16.840.1.113883.4.642.2.223,2.16.840.1.113883.4.642.1.398,2.16.840.1.113883.4.642.4.409",IssueSeverity,Issue Severity,"How the issue affects the success of the action.","ValueSet/audit-event-outcome"
http://hl7.org/fhir/link-type,5.0.0,active,"2.16.840.1.113883.4.642.1.413,2.16.840.1.113883.4.642.2.234,2.16.840.1.113883.4.642.4.424",LinkType,Link Type,"The type of link between this Patient resource and other Patient/RelatedPerson resource(s).","ValueSet/link-type"
http://hl7.org/fhir/location-characteristic,5.0.0,active,"2.16.840.1.113883.4.642.4.1970",LocationCharacteristic,Location Characteristic,"Example Set of Location Characteristics.","ValueSet/location-characteristic"
http://hl7.org/fhir/location-mode,5.0.0,active,"2.16.840.1.113883.4.642.4.331,2.16.840.1.113883.4.642.1.322,2.16.840.1.113883.4.642.2.181",LocationMode,Location Mode,"Indicates whether a resource instance represents a specific location or a class of locations.","ValueSet/location-mode"
http://hl7.org/fhir/location-status,5.0.0,active,"2.16.840.1.113883.4.642.4.333,2.16.840.1.113883.4.642.1.324,2.16.840.1.113883.4.642.2.182",LocationStatus,Location Status,"Indicates whether the location is still in use.","ValueSet/location-status"
http://hl7.org/fhir/medicationdispense-admin-location,5.0.0,active,"2.16.840.1.113883.4.642.4.1972",MedDispenseAdminLocationCodes,Medication Dispense Administration Location Codes,"Medication Dispense Administration Location Codes","ValueSet/medicationdispense-admin-location"
http://hl7.org/fhir/name-use,5.0.0,active,"2.16.840.1.113883.4.642.4.66",NameUse,NameUse,"The use of a human name.","ValueSet/name-use"
http://hl7.org/fhir/observation-referencerange-normalvalue,5.0.0,active,"2.16.840.1.113883.4.642.4.2099",ObservationReferenceRangeNormalValue,ObservationreferenceRangeNormalValue,"Codes that describe the normal value in the reference range.","ValueSet/observation-referencerange-normalvalue"
http://hl7.org/fhir/observation-status,5.0.0,active,"2.16.840.1.113883.4.642.4.401,2.16.840.1.113883.4.642.1.388,2.16.840.1.113883.4.642.2.219",ObservationStatus,Observation Status,"Codes providing the status of an observation.","ValueSet/observation-status"
http://hl7.org/fhir/observation-triggeredbytype,5.0.0,active,"2.16.840.1.113883.4.642.4.2098",TriggeredBytype,triggered Bytype,"Codes providing the triggeredBy type of observation.","ValueSet/observation-triggeredbytype"
http://hl7.org/fhir/participationstatus,5.0.0,active,"2.16.840.1.113883.4.642.4.487,2.16.840.1.113883.4.642.2.285,2.16.840.1.113883.4.642.1.480",ParticipationStatus,Participation Status,"The Participation status of an appointment.","ValueSet/participationstatus"
http://hl7.org/fhir/provenance-entity-role,5.0.0,active,"2.16.840.1.113883.4.642.1.428,2.16.840.1.113883.4.642.2.247,2.16.840.1.113883.4.642.4.437",ProvenanceEntityRole,Provenance Entity Role,"How an entity was used in an activity.","ValueSet/provenance-entity-role"
http://hl7.org/fhir/publication-status,5.0.0,active,"2.16.840.1.113883.4.642.4.4",PublicationStatus,PublicationStatus,"The lifecycle status of an artifact.","ValueSet/publication-status"
http://hl7.org/fhir/reaction-event-severity,5.0.0,active,"2.16.840.1.113883.4.642.2.56,2.16.840.1.113883.4.642.1.126,2.16.840.1.113883.4.642.4.136",AllergyIntoleranceSeverity,Allergy Intolerance Severity,"Clinical assessment of the severity of a reaction event as a whole, potentially considering multiple different manifestations.","ValueSet/reaction-event-severity"
http://hl7.org/fhir/request-intent,5.0.0,draft,"2.16.840.1.113883.4.642.4.114",RequestIntent,RequestIntent,"Codes indicating the degree of authority/intentionality associated with a request.","ValueSet/request-intent,ValueSet/task-intent,ValueSet/care-plan-intent"
http://hl7.org/fhir/request-priority,5.0.0,draft,"2.16.840.1.113883.4.642.4.116",RequestPriority,RequestPriority,"Identifies the level of importance to be assigned to actioning the request.","ValueSet/request-priority"
http://hl7.org/fhir/request-status,5.0.0,draft,"2.16.840.1.113883.4.642.4.112",RequestStatus,RequestStatus,"Codes identifying the lifecycle stage of a request.","ValueSet/request-status"
http://hl7.org/fhir/restful-interaction,5.0.0,active,"2.16.840.1.113883.4.642.4.1823",FHIRRestfulInteractions,FHIR Restful Interactions,"The set of interactions defined by the RESTful part of the FHIR specification.","ValueSet/audit-event-sub-type,ValueSet/interaction-trigger"
http://hl7.org/fhir/sample-security-structural-roles,5.0.0,draft,"2.16.840.1.113883.4.642.4.1800",SampleSecurityStructuralRoles,Sample Codes for Security Structural Role,"This codeSystem contains example structural roles. In general, two types of roles can be distinguished: structural roles and functional roles. Structural Roles reflect human or organizational categories (hierarchies), and describe prerequisites, feasibilities, or competences for actions. Functional roles are bound to the realization or performance of actions..","ValueSet/security-role-type"
http://hl7.org/fhir/search-comparator,5.0.0,active,"2.16.840.1.113883.4.642.1.623,2.16.840.1.113883.4.642.4.638",SearchComparator,Search Comparator,"What Search Comparator Codes are supported in search.","ValueSet/search-comparator"
http://hl7.org/fhir/search-modifier-code,5.0.0,active,"2.16.840.1.113883.4.642.1.625,2.16.840.1.113883.4.642.4.640,2.16.840.1.113883.4.642.2.92",SearchModifierCode,Search Modifier Code,"A supported modifier for a search parameter.","ValueSet/search-modifier-code"
http://hl7.org/fhir/service-mode,5.0.0,active,"2.16.840.1.113883.4.642.4.2116",ServiceMode,Service Mode,"An example set of Service Modes that could be applicable to use to characterize HealthcareServices or PractitionerRoles while searching","ValueSet/service-mode"
http://hl7.org/fhir/servicerequest-orderdetail-parameter-code,5.0.0,active,,ServiceRequestOrderDetailParameterCode,Service Request Order Detail Parameter Code,"Codes providing the parameter codes for service request details.","ValueSet/servicerequest-orderdetail-parameter-code"
http://hl7.org/fhir/specimen-combined,5.0.0,active,"2.16.840.1.113883.4.642.4.2061",SpecimenCombined,Specimen Combined,"Codes providing the combined status of the specimen.","ValueSet/specimen-combined"
http://hl7.org/fhir/specimen-role,5.0.0,active,"2.16.840.1.113883.4.642.4.2060",SpecimenRole,Specimen Role,"Codes providing the combined status of the specimen.","ValueSet/specimen-role"
http://hl7.org/fhir/specimen-status,5.0.0,active,"2.16.840.1.113883.4.642.2.426,2.16.840.1.113883.4.642.1.465,2.16.840.1.113883.4.642.4.472",SpecimenStatus,Specimen Status,"Codes providing the status/availability of a specimen.","ValueSet/specimen-status"
http://hl7.org/fhir/subscription-payload-content,5.0.0,active,"2.16.840.1.113883.4.642.4.2021",SubscriptionPayloadContent,Subscription Payload Content,"Codes to represent how much resource content to send in the notification payload.","ValueSet/subscription-payload-content"
http://hl7.org/fhir/subscription-status,5.0.0,active,"2.16.840.1.113883.4.642.4.2022",SubscriptionStatus,Subscription Status,"This codesystem defines a set of codes that can be used to filter Subscription triggers.","ValueSet/subscription-status"
http://hl7.org/fhir/subscriptiontopic-cr-behavior,5.0.0,active,"2.16.840.1.113883.4.642.4.2034",CriteriaNotExistsBehavior,Criteria Not Exists Behavior,"Behavior a server can exhibit when a criteria state does not exist (e.g., state prior to a create or after a delete).","ValueSet/subscriptiontopic-cr-behavior"
http://hl7.org/fhir/task-intent,5.0.0,active,"2.16.840.1.113883.4.642.4.1241",TaskIntent,Task Intent,"Distinguishes whether the task is a proposal, plan or full order.","ValueSet/task-intent"
http://hl7.org/fhir/task-status,5.0.0,active,"2.16.840.1.113883.4.642.1.774,2.16.840.1.113883.4.642.4.791",TaskStatus,Task Status,"The current status of the task.","ValueSet/task-status"
http://hl7.org/fhir/task-status-reason,5.0.0,active,"2.16.840.1.113883.4.642.4.2042",TaskStatusReason,Task Status Reason,"The current status reason of the task.","ValueSet/task-status-reason"
http://hl7.org/fhir/version-algorithm,5.0.0,active,"2.16.840.1.113883.4.642.4.1989",VersionAlgorithm,Version Algorithm,"Indicates the mechanism used to compare versions to determine which is more current.","ValueSet/version-algorithm"
http://hl7.org/fhir/week-of-month,5.0.0,active,"2.16.840.1.113883.4.642.4.1906",WeekOfMonth,Week Of Month,"The set of weeks with in a month.","ValueSet/week-of-month"
http://terminology.hl7.org/CodeSystem/admit-source,1.0.1,active,"2.16.840.1.113883.4.642.1.1092",AdmitSource,Admit source,"This value set defines a set of codes that can be used to indicate from where the patient came in.","ValueSet/encounter-admit-source"
http://terminology.hl7.org/CodeSystem/adverse-event-category,2.0.0,active,"2.16.840.1.113883.4.642.1.1251",AdverseEventCategory,AdverseEventCategory,"Overall categorization of the event, e.g. product-related or situational.","ValueSet/adverse-event-category"
http://terminology.hl7.org/CodeSystem/adverse-event-causality-assess,1.0.1,active,"2.16.840.1.113883.4.642.1.1254",AdverseEventCausalityAssessment,AdverseEventCausalityAssessment,"Codes for the assessment of whether the entity caused the event.","ValueSet/adverse-event-causality-assess"
http://terminology.hl7.org/CodeSystem/adverse-event-causality-method,2.0.0,active,"2.16.840.1.113883.4.642.1.1255",AdverseEventCausalityMethod,AdverseEventCausalityMethod,"This code system contains methods for assessing causality.","ValueSet/adverse-event-causality-method"
http://terminology.hl7.org/CodeSystem/adverse-event-seriousness,1.0.1,active,"2.16.840.1.113883.4.642.1.1253",AdverseEventSeriousness,AdverseEventSeriousness,"Overall seriousness of this event for the patient.","ValueSet/adverse-event-seriousness"
http://terminology.hl7.org/CodeSystem/allergyintolerance-clinical,1.0.1,active,"2.16.840.1.113883.4.642.1.1373",AllergyIntoleranceClinicalStatusCodes,AllergyIntolerance Clinical Status Codes,"Preferred value set for AllergyIntolerance Clinical Status.","ValueSet/allergyintolerance-clinical"
http://terminology.hl7.org/CodeSystem/allergyintolerance-verification,1.0.1,active,"2.16.840.1.113883.4.642.1.1371",AllergyIntoleranceVerificationStatus,AllergyIntolerance Verification Status,"The verification status to support or decline the clinical status of the allergy or intolerance.","ValueSet/allergyintolerance-verification"
http://terminology.hl7.org/CodeSystem/appointment-cancellation-reason,2.1.1,active,"2.16.840.1.113883.4.642.1.1382",AppointmentCancellationReason,Appointment cancellation reason,"This example value set defines a set of reasons for the cancellation of an appointment.","ValueSet/appointment-cancellation-reason"
http://terminology.hl7.org/CodeSystem/audit-event-type,1.0.0,active,"2.16.840.1.113883.4.642.1.1136",AuditEventID,Audit Event ID,"Event Types for Audit Events - defined by DICOM with some FHIR specific additions.","ValueSet/audit-event-type"
http://terminology.hl7.org/CodeSystem/communication-not-done-reason,1.0.1,active,"2.16.840.1.113883.4.642.1.1077",CommunicationNotDoneReason,CommunicationNotDoneReason,"Codes for the reason why a communication did not happen.","ValueSet/communication-not-done-reason"
http://terminology.hl7.org/CodeSystem/communication-topic,1.0.1,active,"2.16.840.1.113883.4.642.1.1078",CommunicationTopic,CommunicationTopic,"Codes describing the purpose or content of the communication.","ValueSet/communication-topic"
http://terminology.hl7.org/CodeSystem/condition-category,2.0.0,active,"2.16.840.1.113883.4.642.1.1073",ConditionCategoryCodes,Condition Category Codes,"Preferred value set for Condition Categories.","ValueSet/condition-category"
http://terminology.hl7.org/CodeSystem/condition-clinical,3.0.0,active,"2.16.840.1.113883.4.642.1.1074",ConditionClinicalStatusCodes,Condition Clinical Status Codes,"Preferred value set for Condition Clinical Status.","ValueSet/condition-clinical"
http://terminology.hl7.org/CodeSystem/condition-ver-status,2.0.1,active,"2.16.840.1.113883.4.642.1.1075",ConditionVerificationStatus,ConditionVerificationStatus,"The verification status to support or decline the clinical status of the condition or diagnosis.","ValueSet/condition-ver-status"
http://terminology.hl7.org/CodeSystem/consentcategorycodes,1.0.1,active,"2.16.840.1.113883.4.642.1.1226",ConsentCategoryCodes,Consent Category Codes,"This value set includes sample Consent Directive Type codes, including several consent directive related LOINC codes; HL7 VALUE SET: ActConsentType(2.16.840.1.113883.1.11.19897); examples of US realm consent directive legal descriptions and references to online and/or downloadable forms such as the SSA-827 Authorization to Disclose Information to the Social Security Administration; and other anticipated consent directives related to participation in a clinical trial, medical procedures, reproductive procedures; health care directive (Living Will); advance directive, do not resuscitate (DNR); Physician Orders for Life-Sustaining Treatment (POLST)","ValueSet/consent-category"
http://terminology.hl7.org/CodeSystem/consentpolicycodes,3.0.1,active,"2.16.840.1.113883.4.642.1.1229",ConsentPolicyRuleCodes,Consent PolicyRule Codes,"This value set includes sample Regulatory consent policy types from the US and other regions.","ValueSet/consent-policy"
http://terminology.hl7.org/CodeSystem/consentscope,2.0.1,active,"2.16.840.1.113883.4.642.1.1228",ConsentScopeCodes,Consent Scope Codes,"This value set includes the four Consent scope codes.","ValueSet/consent-category"
http://terminology.hl7.org/CodeSystem/consentverification,1.0.1,active,"2.16.840.1.113883.4.642.1.0",ConsentVerificationCodes,Consent Verification Codes,"This value set includes base Consent Verification codes.","ValueSet/consent-verification"
http://terminology.hl7.org/CodeSystem/contactentity-type,2.0.0,active,"2.16.840.1.113883.4.642.1.1129",ContactEntityType,Contact entity type,"This example value set defines a set of codes that can be used to indicate the purpose for which you would contact a contact party.","ValueSet/contactentity-type"
http://terminology.hl7.org/CodeSystem/data-absent-reason,1.0.0,active,"2.16.840.1.113883.4.642.4.1048",DataAbsentReason,DataAbsentReason,"Used to specify why the normally expected content of the data element is missing.","ValueSet/data-absent-reason"
http://terminology.hl7.org/CodeSystem/diet,1.0.1,active,"2.16.840.1.113883.4.642.1.1091",Diet,Diet,"This value set defines a set of codes that can be used to indicate dietary preferences or restrictions a patient may have.","ValueSet/encounter-diet"
http://terminology.hl7.org/CodeSystem/discharge-disposition,1.0.1,active,"2.16.840.1.113883.4.642.1.1093",DischargeDisposition,Discharge disposition,"This value set defines a set of codes that can be used to where the patient left the hospital.","ValueSet/encounter-discharge-disposition"
http://terminology.hl7.org/CodeSystem/encounter-special-arrangements,1.0.1,active,"2.16.840.1.113883.4.642.1.1090",SpecialArrangements,Special arrangements,"This value set defines a set of codes that can be used to indicate the kinds of special arrangements in place for a patients visit.","ValueSet/encounter-special-arrangements"
http://terminology.hl7.org/CodeSystem/encounter-subject-status,2.0.1,active,"2.16.840.1.113883.4.642.1.1420",EncounterSubjectStatus,Encounter subject status,"This example value set defines a set of codes that can be used to indicate the status of the subject within the encounter","ValueSet/encounter-subject-status"
http://terminology.hl7.org/CodeSystem/encounter-type,1.0.1,active,"2.16.840.1.113883.4.642.1.1088",EncounterType,Encounter type,"This example value set defines a set of codes that can be used to indicate the type of encounter: a specific code indicating type of service provided.","ValueSet/encounter-type"
http://terminology.hl7.org/CodeSystem/extra-security-role-type,1.0.1,active,,SecurityRoleType,Security Role Type,"This CodeSystem contains Additional FHIR-defined Security Role types not defined elsewhere","ValueSet/participation-role-type"
http://terminology.hl7.org/CodeSystem/immunization-funding-source,1.0.1,active,"2.16.840.1.113883.4.642.1.1100",ImmunizationFundingSource,Immunization Funding Source,"The value set to instantiate this attribute should be drawn from a terminologically robust code system that consists of or contains concepts to support describing the source of the vaccine administered. This value set is provided as a suggestive example.","ValueSet/immunization-funding-source"
http://terminology.hl7.org/CodeSystem/immunization-origin,1.0.1,active,"2.16.840.1.113883.4.642.1.1101",ImmunizationOriginCodes,Immunization Origin Codes,"The value set to instantiate this attribute should be drawn from a terminologically robust code system that consists of or contains concepts to support describing the source of the data when the report of the immunization event is not based on information from the person, entity or organization who administered the vaccine. This value set is provided as a suggestive example.","ValueSet/immunization-origin"
http://terminology.hl7.org/CodeSystem/immunization-program-eligibility,1.0.1,active,"2.16.840.1.113883.4.642.1.1099",ImmunizationProgramEligibility,Immunization Program Eligibility,"The value set to instantiate this attribute should be drawn from a terminologically robust code system that consists of or contains concepts to support describing the patient's eligibility for a vaccination program. This value set is provided as a suggestive example.","ValueSet/immunization-program-eligibility"
http://terminology.hl7.org/CodeSystem/immunization-subpotent-reason,1.0.1,active,"2.16.840.1.113883.4.642.1.1098",ImmunizationSubpotentReason,Immunization Subpotent Reason,"The value set to instantiate this attribute should be drawn from a terminologically robust code system that consists of or contains concepts to support describing the reason why a dose is considered to be subpotent. This value set is provided as a suggestive example.","ValueSet/immunization-subpotent-reason"
http://terminology.hl7.org/CodeSystem/iso-21089-lifecycle,1.0.0,active,,Iso_21089_2017_Health_Record_Lifecycle_Events,ISO 21089 2017 Health Record Lifecycle Events,"Attached is vocabulary for the 27 record lifecycle events, as per ISO TS 21089-2017, Health Informatics - Trusted End-to-End Information Flows, Section 3, Terms and Definitions (2017, at ISO Central Secretariat, passed ballot and ready for publication).  This will also be included in the FHIR EHR Record Lifecycle Event Implementation Guide, balloted and (to be) published with FHIR STU-3.","ValueSet/provenance-activity-type"
http://terminology.hl7.org/CodeSystem/location-physical-type,2.0.1,active,"2.16.840.1.113883.4.642.1.1108",LocationType,Location type,"This example value set defines a set of codes that can be used to indicate the physical form of the Location.  This includes several 'non physical' codes which are still considered a location.","ValueSet/location-form"
http://terminology.hl7.org/CodeSystem/medicationdispense-performer-function,1.0.1,active,"2.16.840.1.113883.4.642.1.1319",MedicationDispensePerformerFunctionCodes,MedicationDispense Performer Function Codes,"MedicationDispense Performer Function Codes","ValueSet/medicationdispense-performer-function"
http://terminology.hl7.org/CodeSystem/medicationrequest-admin-location,1.0.1,active,"2.16.840.1.113883.4.642.1.0",MedicationRequest_Administration_Location_Codes,Medication request  administration  location  codes,"MedicationRequest Administration Location Codes","ValueSet/medicationrequest-admin-location"
http://terminology.hl7.org/CodeSystem/medicationrequest-course-of-therapy,1.0.1,active,"2.16.840.1.113883.4.642.1.1327",MedicationRequestCourseOfTherapyCodes,MedicationRequest Course of Therapy Codes,"MedicationRequest Course of Therapy Codes","ValueSet/medicationrequest-course-of-therapy"
http://terminology.hl7.org/CodeSystem/medicationrequest-status-reason,1.0.1,active,"2.16.840.1.113883.4.642.1.1325",MedicationRequestStatusReasonCodes,MedicationRequest Status Reason Codes,"MedicationRequest Status Reason Codes","ValueSet/medicationrequest-status-reason"
http://terminology.hl7.org/CodeSystem/object-role,1.1.0,active,"2.16.840.1.113883.4.642.1.1135",AuditEventEntityRole,AuditEventEntityRole,"Code representing the role the entity played in the audit event.","ValueSet/object-role"
http://terminology.hl7.org/CodeSystem/observation-category,2.0.0,active,"2.16.840.1.113883.4.642.1.1125",ObservationCategoryCodes,Observation Category Codes,"Observation Category codes.","ValueSet/zm-core-observation-category-vs,ValueSet/observation-category"
http://terminology.hl7.org/CodeSystem/operation-outcome,4.0.0,active,"2.16.840.1.113883.4.642.1.1127",OperationOutcomeCodes,Operation Outcome Codes,"Operation Outcome codes used by FHIR test servers (see Implementation file translations.xml)","ValueSet/audit-event-outcome-detail"
http://terminology.hl7.org/CodeSystem/organization-type,2.0.1,active,"2.16.840.1.113883.4.642.1.1128",OrganizationType,Organization type,"This example value set defines a set of codes that can be used to indicate a type of organization.","ValueSet/organization-type,ValueSet/zm-core-organization-type-vs"
http://terminology.hl7.org/CodeSystem/participant-type,1.0.1,active,"2.16.840.1.113883.4.642.1.1089",ParticipantType,Participant type,"This value set defines a set of codes that can be used to indicate how an individual participates in an encounter.","ValueSet/encounter-participant-type"
http://terminology.hl7.org/CodeSystem/practitioner-role,1.0.1,active,"2.16.840.1.113883.4.642.1.1132",PractitionerRole,Practitioner role,"This example value set defines a set of codes that can be used to indicate the role of a Practitioner.","ValueSet/practitioner-role"
http://terminology.hl7.org/CodeSystem/program,1.0.1,active,"2.16.840.1.113883.4.642.1.1384",Program,Program,"This value set defines an example set of codes that could be can be used to classify groupings of service-types/specialties.","ValueSet/program"
http://terminology.hl7.org/CodeSystem/referencerange-meaning,1.0.1,active,"2.16.840.1.113883.4.642.1.1124",ObservationReferenceRangeMeaningCodes,Observation Reference Range Meaning Codes,"This value set defines a set of codes that can be used to indicate the meaning/use of a reference range for a particular target population.","ValueSet/referencerange-meaning"
http://terminology.hl7.org/CodeSystem/security-source-type,1.0.0,active,"2.16.840.1.113883.4.642.1.1137",AuditEventSourceType,Audit Event Source Type,"The type of process where the audit event originated from.","ValueSet/security-source-type"
http://terminology.hl7.org/CodeSystem/service-category,1.1.1,active,"2.16.840.1.113883.4.642.1.1144",ServiceCategory,Service category,"This value set defines an example set of codes that can be used to classify groupings of service-types/specialties.","ValueSet/service-category"
http://terminology.hl7.org/CodeSystem/service-provision-conditions,1.0.1,active,"2.16.840.1.113883.4.642.1.1143",ServiceProvisionConditions,ServiceProvisionConditions,"The code(s) that detail the conditions under which the healthcare service is available/offered.","ValueSet/service-provision-conditions"
http://terminology.hl7.org/CodeSystem/service-referral-method,1.0.1,active,"2.16.840.1.113883.4.642.1.1142",ReferralMethod,ReferralMethod,"The methods of referral can be used when referring to a specific HealthCareService resource.","ValueSet/service-referral-method"
http://terminology.hl7.org/CodeSystem/service-type,1.1.1,active,"2.16.840.1.113883.4.642.1.1145",ServiceType,Service type,"This value set defines an example set of codes of service-types.","ValueSet/service-type"
http://terminology.hl7.org/CodeSystem/subscription-channel-type,1.0.1,active,"2.16.840.1.113883.4.642.1.1432",SubscriptionChannelTypeCodes,SubscriptionChannel Type Codes,"The type of method used to execute a subscription","ValueSet/subscription-channel-type"
http://terminology.hl7.org/CodeSystem/v2-0003,3.0.0,active,"2.16.840.1.113883.18.4",Event,event,"HL7-defined code system of concepts specifying the trigger event for Version 2.x interface messages.  Used in HL7 Version 2.x messaging in the MSH segment.","ValueSet/v2-0003"
http://terminology.hl7.org/CodeSystem/v2-0074,3.0.0,active,"2.16.840.1.113883.18.29",DiagnosticServiceSectionId,diagnosticServiceSectionId,"HL7-defined code system of concepts which specify a section of a diagnostic service where the observation may be performed.  Used in HL7 Version 2.x messaging in the OBR and OM4 segments.","ValueSet/diagnostic-service-sections"
http://terminology.hl7.org/CodeSystem/v2-0092,3.0.0,active,"2.16.840.1.113883.18.36",ReAdmissionIndicator,re-admissionIndicator,"Code system of concepts which are used to specify that a patient is being re admitted to a healthcare facilityin from which they were discharged, and indicates the circumstances around such re-admission.  Used in HL7 Version 2.x messagine in the PV1 segment.","ValueSet/v2-0092"
http://terminology.hl7.org/CodeSystem/v2-0116,3.0.0,active,"2.16.840.1.113883.18.47",BedStatus,bedStatus,"Code system of concepts which specify the state of a bed in an inpatient setting, and is used to determine if a patient may be assigned to it or not.  Used in HL7 Version 2.x messaging in the DLD and PV1 segments.","ValueSet/v2-0116"
http://terminology.hl7.org/CodeSystem/v2-0131,3.0.0,active,"2.16.840.1.113883.18.58",ContactRole2,contactRole2,"Code system of concepts which specify a relationship role that the next of kin/associated parties plays with regard to the patient. Also used in referrals, for example, it may be necessary to identify the contact representative at the clinic that sent a referral. Used in HL7 Version 2 messaging in the NK1 and CTD segments after 2.5, when it replace 2.16.840.1.113883.18.57.","ValueSet/relatedperson-relationshiptype,ValueSet/patient-contactrelationship"
http://terminology.hl7.org/CodeSystem/v2-0203,5.0.0,active,"2.16.840.1.113883.18.108",IdentifierType,identifierType,"HL7-defined code system of concepts specifying type of identifier. Used in HL7 Version 2.x messaging data types CX, PLN, PPN, XCN and XON.","ValueSet/identifier-type"
http://terminology.hl7.org/CodeSystem/v2-0276,3.0.0,active,"2.16.840.1.113883.18.169",AppointmentReason,appointmentReason,"Code system of concepts used to describe the kind of appointment or the reason why an appointment has been scheduled.  Used in HL7 Version 2.x messaging in the ARQ segment.","ValueSet/v2-0276"
http://terminology.hl7.org/CodeSystem/v2-0360,3.0.0,active,"2.16.840.1.113883.18.220",DegreeLicenseCertificate,degreeLicenseCertificate,"Code system of concepts specifying an educational degree (e.g., MD).  Used in the CNN datatype (names and identifiers of clinicians) in Version 2 messaging.  Used in HL7 Version 2.x messaging in the CNN segment; note that in releases of HL7 prior to 2.3.1, was also used in person names (XPN), but this use was deprecated, then withdrawn in 2.7.","ValueSet/v2-0360"
http://terminology.hl7.org/CodeSystem/v2-0443,3.0.0,active,"2.16.840.1.113883.18.283",ProviderRole,providerRole,"Code system of concepts specifying the functional involvement with the activity being transmitted (e.g., Case Manager, Evaluator, Transcriber, Nurse Care Practitioner, Midwife, Physician Assistant, etc.).  Used in HL7 Version 2.x messaging in the ROL segment.","ValueSet/immunization-function"
http://terminology.hl7.org/CodeSystem/v2-0487,3.0.0,active,"2.16.840.1.113883.18.311",SpecimenType,specimenType,"HL7-defined code system of concepts that describe the precise nature of an entity that may be used as the source material for an observation.  This is one of two code systems that are used instead of table 0070 (code system 2.16.840.1.113883.18.28) which conflated specimen types and specimen collection methods.   Used in HL7 Version 2.x messaging in the SPM segment.","ValueSet/v2-0487"
http://terminology.hl7.org/CodeSystem/v2-0493,3.0.0,active,"2.16.840.1.113883.18.317",SpecimenCondition,specimenCondition,"Code system of concepts specifying a mode or state of being that describes the nature of the specimen.  Used in HL7 Version 2.x messaging in the SPM segment.","ValueSet/v2-0493"
http://terminology.hl7.org/CodeSystem/v2-0916,3.0.0,active,"2.16.840.1.113883.18.422",RelevantClincialInformation,relevantClincialInformation,"Code system of concepts specifying additional clinical information about the patient or specimen to report the supporting and/or suspected diagnosis and clinical findings on requests for interpreted diagnostic studies. Used in HL7 Version 2.x messaging in the OBR segment.","ValueSet/v2-0916"
http://terminology.hl7.org/CodeSystem/v2-0936,3.0.0,active,"2.16.840.1.113883.18.439",ObservationType,observationType,"HL7-defined code system of concepts specifying types of observations to enable systems to distinguish between observations sent along with an order, versus observations sent as the result to an order. Used in HL7 Version 2.x messaging in the OBX segment.","ValueSet/v2-0936"
http://terminology.hl7.org/CodeSystem/v3-ActCode,10.0.0,active,"2.16.840.1.113883.5.4",ActCode,ActCode,"A code specifying the particular kind of Act that the Act-instance represents within its class.    *Constraints:* The kind of Act (e.g. physical examination, serum potassium, inpatient encounter, charge financial transaction, etc.) is specified with a code from one of several, typically external, coding systems. The coding system will depend on the class of Act, such as LOINC for observations, etc.    Conceptually, the Act.code must be a specialization of the Act.classCode. This is why the structure of ActClass domain should be reflected in the superstructure of the ActCode domain and then individual codes or externally referenced vocabularies subordinated under these domains that reflect the ActClass structure.    Act.classCode and Act.code are not modifiers of each other but the Act.code concept should really imply the Act.classCode concept. For a negative example, it is not appropriate to use an Act.code ""potassium"" together with and Act.classCode for ""laboratory observation"" to somehow mean ""potassium laboratory observation"" and then use the same Act.code for ""potassium"" together with Act.classCode for ""medication"" to mean ""substitution of potassium"". This mutually modifying use of Act.code and Act.classCode is not permitted.","ValueSet/zm-core-encounter-type-vs,ValueSet/v3-ActPharmacySupplyType,ValueSet/encounter-class"
http://terminology.hl7.org/CodeSystem/v3-ActPriority,4.0.0,active,"2.16.840.1.113883.5.7",ActPriority,ActPriority,"A set of codes (e.g., for routine, emergency), specifying the urgency under which the Act happened, can happen, is happening, is intended to happen, or is requested/demanded to happen.","ValueSet/v3-ActPriority"
http://terminology.hl7.org/CodeSystem/v3-ActReason,4.0.0,active,"2.16.840.1.113883.5.8",ActReason,ActReason,"A set of codes specifying the motivation, cause, or rationale of an Act, when such rationale is not reasonably represented as an ActRelationship of type ""has reason"" linking to another Act.    *Examples:* Example reasons that might qualify for being coded in this field might be: ""routine requirement"", ""infectious disease reporting requirement"", ""on patient request"", ""required by law"".","ValueSet/immunization-status-reason,ValueSet/v3-PurposeOfUse,ValueSet/v3-ActReason,ValueSet/v3-SubstanceAdminSubstitutionReason"
http://terminology.hl7.org/CodeSystem/v3-ActSite,4.0.0,active,"2.16.840.1.113883.5.1052",ActSite,ActSite,"An anatomical location on an organism which can be the focus of an act.","ValueSet/immunization-site"
http://terminology.hl7.org/CodeSystem/v3-EncounterSpecialCourtesy,4.0.0,active,"2.16.840.1.113883.5.40",EncounterSpecialCourtesy,EncounterSpecialCourtesy,"**** MISSING DESCRIPTION ****","ValueSet/encounter-special-courtesy"
http://terminology.hl7.org/CodeSystem/v3-MaritalStatus,4.0.0,active,"2.16.840.1.113883.5.2",MaritalStatus,MaritalStatus,"\* \* \* No description supplied \* \* \*    *Open Issue:* The specific meanings of these codes can vary somewhat by jurisdiction and implementation so caution should be used when determining equivalency.    *Open Issue:* fixing and completion of the hierarchy and proper good definitions of all the concepts is badly needed.","ValueSet/zm-core-marital-status-vs,ValueSet/marital-status"
http://terminology.hl7.org/CodeSystem/v3-NullFlavor,4.0.0,active,"2.16.840.1.113883.5.1008",NullFlavor,NullFlavor,"A collection of codes specifying why a valid value is not present.","ValueSet/marital-status,ValueSet/encounter-special-courtesy"
http://terminology.hl7.org/CodeSystem/v3-ObservationInterpretation,4.0.0,active,"2.16.840.1.113883.5.83",ObservationInterpretation,ObservationInterpretation,"One or more codes providing a rough qualitative interpretation of the observation, such as ""normal"" / ""abnormal"", ""low"" / ""high"", ""better"" / ""worse"", ""resistant"" / ""susceptible"", ""expected"" / ""not expected"". The value set is intended to be for ANY use where coded representation of an interpretation is needed.","ValueSet/observation-interpretation"
http://terminology.hl7.org/CodeSystem/v3-ParticipationType,6.0.0,active,"2.16.840.1.113883.5.90",ParticipationType,ParticipationType,"A code specifying the meaning and purpose of every Participation instance. Each of its values implies specific constraints on the Roles undertaking the participation.","ValueSet/adverse-event-participant-function,ValueSet/encounter-participant-type,ValueSet/relatedperson-relationshiptype"
http://terminology.hl7.org/CodeSystem/v3-RoleClass,5.0.0,active,"2.16.840.1.113883.5.110",RoleClass,RoleClass,"Codes for the Role class hierarchy. The values in this hierarchy, represent a Role which is an association or relationship between two entities - the entity that plays the role and the entity that scopes the role. Roles names are derived from the name of the playing entity in that role.    The role hierarchy stems from three core concepts, or abstract domains:     *  **RoleClassOntological** is an abstract domain that collects roles in which the playing entity is defined or specified by the scoping entity.   *  **RoleClassPartitive** collects roles in which the playing entity is in some sense a ""part"" of the scoping entity.   *  **RoleClassAssociative** collects all of the remaining forms of association between the playing entity and the scoping entity. This set of roles is further partitioned between:             *  **RoleClassPassive** which are roles in which the playing entity is used, known, treated, handled, built, or destroyed, etc. under the auspices of the scoping entity. The playing entity is passive in these roles in that the role exists without an agreement from the playing entity.       *  **RoleClassMutualRelationship** which are relationships based on mutual behavior of the two entities. The basis of these relationship may be formal agreements or they may be *de facto* behavior. Thus, this sub-domain is further divided into:                     *  **RoleClassRelationshipFormal** in which the relationship is formally defined, frequently by a contract or agreement.           *  **Personal relationship** which inks two people in a personal relationship.    The hierarchy discussed above is represented In the current vocabulary tables as a set of abstract domains, with the exception of the ""Personal relationship"" which is a leaf concept.    *OpenIssue:* Description copied from Concept Domain of same name. Must be verified.","ValueSet/relatedperson-relationshiptype"
http://terminology.hl7.org/CodeSystem/v3-RoleCode,4.0.0,active,"2.16.840.1.113883.5.111",RoleCode,RoleCode,"A set of codes further specifying the kind of Role; specific classification codes for further qualifying RoleClass codes.","ValueSet/relatedperson-relationshiptype,ValueSet/v3-ServiceDeliveryLocationRoleType"
http://terminology.hl7.org/CodeSystem/v3-RouteOfAdministration,4.0.0,active,"2.16.840.1.113883.5.112",RouteOfAdministration,RouteOfAdministration,"The path the administered medication takes to get into the body or into contact with the body.","ValueSet/immunization-route"
http://terminology.hl7.org/CodeSystem/v3-substanceAdminSubstitution,4.0.0,active,"2.16.840.1.113883.5.1070",SubstanceAdminSubstitution,Substance Admin Substitution,"Identifies what sort of change is permitted or has occurred between the therapy that was ordered and the therapy that was/will be provided.","ValueSet/v3-ActSubstanceAdminSubstitutionCode"
http://unitsofmeasure.org,2.2,active,,UCUM,,"This is a place holder for the code system which is fully supported through internal means (not by this code system)","ValueSet/appointment-recurrrence-type"
urn:iso:std:iso:3166,2018,active,,Country Codes,,"This is a place holder for the code system which is fully supported through internal means (not by this code system)","ValueSet/jurisdiction"
urn:iso:std:iso:3166:-2,2021,active,,ISO3166_2,Codes for the representation of names of countries and their subdivisions – Part 2: Country subdivision code,"","ValueSet/jurisdiction"
